[
 {},
 {
  "wiki": "/wiki/Suisse",
  "img": "//upload.wikimedia.org/wikipedia/commons/thumb/f/f3/Flag_of_Switzerland.svg/100px-Flag_of_Switzerland.svg.png"
 },
 {},
 {
  "wiki": "/wiki/Canton_d%27Appenzell_Rhodes-Int%C3%A9rieures",
  "img": "//upload.wikimedia.org/wikipedia/commons/thumb/4/4c/Flag_of_Canton_of_Appenzell_Innerrhoden.svg/100px-Flag_of_Canton_of_Appenzell_Innerrhoden.svg.png"
 },
 {
  "wiki": "/wiki/Canton_d%27Appenzell_Rhodes-Ext%C3%A9rieures",
  "img": "//upload.wikimedia.org/wikipedia/commons/thumb/f/f1/Flag_of_Canton_of_Appenzell_Ausserrhoden.svg/100px-Flag_of_Canton_of_Appenzell_Ausserrhoden.svg.png"
 },
 {
  "wiki": "/wiki/Canton_d%27Argovie",
  "img": "//upload.wikimedia.org/wikipedia/commons/thumb/6/62/Flag_of_Canton_of_Aargau.svg/100px-Flag_of_Canton_of_Aargau.svg.png"
 },
 {
  "wiki": "/wiki/Canton_de_B%C3%A2le-Campagne",
  "img": "//upload.wikimedia.org/wikipedia/commons/thumb/1/1e/Flag_of_Canton_of_Basel_Land.svg/100px-Flag_of_Canton_of_Basel_Land.svg.png"
 },
 {
  "wiki": "/wiki/Canton_de_B%C3%A2le-Ville",
  "img": "//upload.wikimedia.org/wikipedia/commons/thumb/a/a3/Flag_of_Canton_of_Basel.svg/100px-Flag_of_Canton_of_Basel.svg.png"
 },
 {
  "wiki": "/wiki/Canton_de_Berne",
  "img": "//upload.wikimedia.org/wikipedia/commons/thumb/3/30/Flag_of_Canton_of_Bern.svg/100px-Flag_of_Canton_of_Bern.svg.png"
 },
 {
  "wiki": "/wiki/Canton_de_Fribourg",
  "img": "//upload.wikimedia.org/wikipedia/commons/thumb/c/cb/Flag_of_Canton_of_Fribourg.svg/100px-Flag_of_Canton_of_Fribourg.svg.png"
 },
 {
  "wiki": "/wiki/Canton_de_Gen%C3%A8ve",
  "img": "//upload.wikimedia.org/wikipedia/commons/thumb/8/83/Flag_of_Canton_of_Geneva.svg/100px-Flag_of_Canton_of_Geneva.svg.png"
 },
 {
  "wiki": "/wiki/Canton_de_Glaris",
  "img": "//upload.wikimedia.org/wikipedia/commons/thumb/d/dc/Flag_of_Canton_of_Glarus.svg/100px-Flag_of_Canton_of_Glarus.svg.png"
 },
 {
  "wiki": "/wiki/Canton_des_Grisons",
  "img": "//upload.wikimedia.org/wikipedia/commons/thumb/0/0f/Flag_of_Canton_of_Graub%C3%BCnden.svg/100px-Flag_of_Canton_of_Graub%C3%BCnden.svg.png"
 },
 {
  "img": "//upload.wikimedia.org/wikipedia/commons/thumb/7/74/Flag_of_Canton_of_Jura.svg/100px-Flag_of_Canton_of_Jura.svg.png"
 },
 {
  "wiki": "/wiki/Canton_de_Lucerne",
  "img": "//upload.wikimedia.org/wikipedia/commons/thumb/d/db/Flag_of_Canton_of_Lucerne.svg/100px-Flag_of_Canton_of_Lucerne.svg.png"
 },
 {
  "img": "//upload.wikimedia.org/wikipedia/commons/thumb/5/57/Flag_of_Canton_of_Neuch%C3%A2tel.svg/100px-Flag_of_Canton_of_Neuch%C3%A2tel.svg.png"
 },
 {
  "wiki": "/wiki/Canton_de_Nidwald",
  "img": "//upload.wikimedia.org/wikipedia/commons/thumb/e/e3/Flag_of_Canton_of_Nidwalden.svg/100px-Flag_of_Canton_of_Nidwalden.svg.png"
 },
 {
  "wiki": "/wiki/Canton_d%27Obwald",
  "img": "//upload.wikimedia.org/wikipedia/commons/thumb/7/76/Flag_of_Canton_of_Obwalden.svg/100px-Flag_of_Canton_of_Obwalden.svg.png"
 },
 {
  "img": "//upload.wikimedia.org/wikipedia/commons/thumb/a/a1/Flag_of_Canton_of_Sankt_Gallen.svg/100px-Flag_of_Canton_of_Sankt_Gallen.svg.png"
 },
 {
  "wiki": "/wiki/Canton_de_Schaffhouse",
  "img": "//upload.wikimedia.org/wikipedia/commons/thumb/b/b0/Flag_of_Canton_of_Schaffhausen.svg/100px-Flag_of_Canton_of_Schaffhausen.svg.png"
 },
 {
  "wiki": "/wiki/Canton_de_Schwytz",
  "img": "//upload.wikimedia.org/wikipedia/commons/thumb/f/fb/Flag_of_Canton_of_Schwyz.svg/100px-Flag_of_Canton_of_Schwyz.svg.png"
 },
 {
  "wiki": "/wiki/Canton_de_Soleure",
  "img": "//upload.wikimedia.org/wikipedia/commons/thumb/4/4e/Flag_of_Canton_of_Solothurn.svg/100px-Flag_of_Canton_of_Solothurn.svg.png"
 },
 {
  "wiki": "/wiki/Canton_du_Tessin",
  "img": "//upload.wikimedia.org/wikipedia/commons/thumb/1/11/Flag_of_Canton_of_Tessin.svg/100px-Flag_of_Canton_of_Tessin.svg.png"
 },
 {
  "wiki": "/wiki/Canton_de_Thurgovie",
  "img": "//upload.wikimedia.org/wikipedia/commons/thumb/1/18/Flag_of_Canton_of_Thurgau.svg/100px-Flag_of_Canton_of_Thurgau.svg.png"
 },
 {
  "wiki": "/wiki/Canton_d%27Uri",
  "img": "//upload.wikimedia.org/wikipedia/commons/thumb/c/ca/Flag_of_Canton_of_Uri.svg/100px-Flag_of_Canton_of_Uri.svg.png"
 },
 {
  "wiki": "/wiki/Canton_du_Valais",
  "img": "//upload.wikimedia.org/wikipedia/commons/thumb/3/34/Flag_of_Canton_of_Valais.svg/100px-Flag_of_Canton_of_Valais.svg.png"
 },
 {
  "wiki": "/wiki/Canton_de_Vaud",
  "img": "//upload.wikimedia.org/wikipedia/commons/thumb/d/df/Flag_of_Canton_of_Vaud.svg/100px-Flag_of_Canton_of_Vaud.svg.png"
 },
 {
  "wiki": "/wiki/Canton_de_Zoug",
  "img": "//upload.wikimedia.org/wikipedia/commons/thumb/f/ff/Flag_of_Canton_of_Zug.svg/100px-Flag_of_Canton_of_Zug.svg.png"
 },
 {
  "wiki": "/wiki/Canton_de_Zurich",
  "img": "//upload.wikimedia.org/wikipedia/commons/thumb/9/9b/Flag_of_Canton_of_Z%C3%BCrich.svg/100px-Flag_of_Canton_of_Z%C3%BCrich.svg.png"
 }
]